{
    "Ith_error": 2.833333333333334, 
    "Veq_error": 4.652044391936035
}