{
    "inv_first_ISI.Step0.4": {
        "feature mean": 111.11111111108585, 
        "feature sd": 0.0
    }, 
    "inv_first_ISI.Step0.6": {
        "feature mean": 192.30769230764858, 
        "feature sd": 0.0
    }, 
    "inv_first_ISI.Step0.2": {
        "feature mean": 0.0, 
        "feature sd": 0.0
    }, 
    "inv_first_ISI.Step0.8": {
        "feature mean": 256.41025641019809, 
        "feature sd": 0.0
    }, 
    "AP1_amp.Step1.0": {
        "feature mean": 106.36436404025525, 
        "feature sd": 0.0
    }, 
    "inv_time_to_first_spike.Step0.8": {
        "feature mean": 270.27027025860764, 
        "feature sd": 0.0
    }, 
    "inv_fourth_ISI.Step1.0": {
        "feature mean": 384.61538461529716, 
        "feature sd": 0.0
    }, 
    "inv_time_to_first_spike.Step0.4": {
        "feature mean": 84.033613444237503, 
        "feature sd": 0.0
    }, 
    "inv_time_to_first_spike.Step1.0": {
        "feature mean": 370.3703703485001, 
        "feature sd": 0.0
    }, 
    "inv_time_to_first_spike.Step0.6": {
        "feature mean": 175.4385964862999, 
        "feature sd": 0.0
    }, 
    "inv_time_to_first_spike.Step0.2": {
        "feature mean": 0.0, 
        "feature sd": 0.0
    }, 
    "inv_fifth_ISI.Step0.6": {
        "feature mean": 172.41379310360509, 
        "feature sd": 0.0
    }, 
    "inv_third_ISI.Step0.8": {
        "feature mean": 270.27027027020881, 
        "feature sd": 0.0
    }, 
    "APlast_amp.Step1.0": {
        "feature mean": 54.121830495351588, 
        "feature sd": 0.0
    }, 
    "inv_third_ISI.Step0.4": {
        "feature mean": 60.97560975615302, 
        "feature sd": 0.0
    }, 
    "inv_third_ISI.Step1.0": {
        "feature mean": 344.82758620681813, 
        "feature sd": 0.0
    }, 
    "inv_third_ISI.Step0.6": {
        "feature mean": 178.57142857138797, 
        "feature sd": 0.0
    }, 
    "AHP_depth.Step1.0": {
        "feature mean": 25.172221317780242, 
        "feature sd": 3.0026509763625699
    }, 
    "inv_third_ISI.Step0.2": {
        "feature mean": 0.0, 
        "feature sd": 0.0
    }, 
    "time_to_last_spike.Step0.6": {
        "feature mean": 398.19999999982383, 
        "feature sd": 0.0
    }, 
    "time_to_last_spike.Step0.4": {
        "feature mean": 385.59999999983529, 
        "feature sd": 0.0
    }, 
    "voltage_deflection_begin.Step-2.0": {
        "feature mean": -136.1605195618211, 
        "feature sd": 0.0
    }, 
    "time_to_last_spike.Step0.2": {
        "feature mean": 0.0, 
        "feature sd": 0.0
    }, 
    "time_to_last_spike.Step0.8": {
        "feature mean": 397.59999999982438, 
        "feature sd": 0.0
    }, 
    "inv_second_ISI.Step0.8": {
        "feature mean": 263.15789473678228, 
        "feature sd": 0.0
    }, 
    "inv_fifth_ISI.Step0.4": {
        "feature mean": 49.751243781139777, 
        "feature sd": 0.0
    }, 
    "inv_fifth_ISI.Step1.0": {
        "feature mean": 357.14285714277594, 
        "feature sd": 0.0
    }, 
    "inv_first_ISI.Step1.0": {
        "feature mean": 312.49999999992895, 
        "feature sd": 0.0
    }, 
    "inv_second_ISI.Step0.2": {
        "feature mean": 0.0, 
        "feature sd": 0.0
    }, 
    "inv_second_ISI.Step0.4": {
        "feature mean": 84.745762711916981, 
        "feature sd": 0.0
    }, 
    "inv_second_ISI.Step1.0": {
        "feature mean": 416.66666666657193, 
        "feature sd": 0.0
    }, 
    "inv_second_ISI.Step0.6": {
        "feature mean": 188.67924528297596, 
        "feature sd": 0.0
    }, 
    "inv_fourth_ISI.Step0.4": {
        "feature mean": 52.0833333333807, 
        "feature sd": 0.0
    }, 
    "inv_fourth_ISI.Step0.6": {
        "feature mean": 175.43859649131414, 
        "feature sd": 0.0
    }, 
    "voltage_deflection.Step-1.0": {
        "feature mean": -50.957110435243976, 
        "feature sd": 0.0
    }, 
    "inv_fourth_ISI.Step0.2": {
        "feature mean": 0.0, 
        "feature sd": 0.0
    }, 
    "inv_last_ISI.Step1.0": {
        "feature mean": 294.11764705909104, 
        "feature sd": 0.0
    }, 
    "inv_fourth_ISI.Step0.8": {
        "feature mean": 322.58064516121698, 
        "feature sd": 0.0
    }, 
    "inv_fifth_ISI.Step0.8": {
        "feature mean": 312.49999999992895, 
        "feature sd": 0.0
    }, 
    "inv_last_ISI.Step0.6": {
        "feature mean": 80.00000000007276, 
        "feature sd": 0.0
    }, 
    "inv_last_ISI.Step0.4": {
        "feature mean": 29.498525073773141, 
        "feature sd": 0.0
    }, 
    "voltage_deflection.Step-2.0": {
        "feature mean": -106.06656008336414, 
        "feature sd": 0.0
    }, 
    "inv_fifth_ISI.Step0.2": {
        "feature mean": 0.0, 
        "feature sd": 0.0
    }, 
    "AP_duration_half_width.Step1.0": {
        "feature mean": 0.53089430894264822, 
        "feature sd": 0.058615574529021629
    }, 
    "time_to_last_spike.Step1.0": {
        "feature mean": 399.99999999982219, 
        "feature sd": 0.0
    }, 
    "voltage_deflection_begin.Step-1.0": {
        "feature mean": -65.11522405662113, 
        "feature sd": 0.0
    }, 
    "inv_last_ISI.Step0.2": {
        "feature mean": 0.0, 
        "feature sd": 0.0
    }, 
    "inv_last_ISI.Step0.8": {
        "feature mean": 161.29032258079187, 
        "feature sd": 0.0
    }
}