{
    "Ith_error": 0.8333333333333337, 
    "Veq_error": 0.9492903732846907
}